{"stats":[[1586491595673,80.6141714855674],[1586495110293,92.59288979658977],[1586498698824,87.76884006679727],[1586502327443,79.82011288905338],[1586506002798,84.48645749758093],[1586511836628,84.36709101737057],[1586513082204,83.22208720999198],[1586516725208,93.45037966719427],[1586520411512,100.95736602060676],[1586523934390,107.54966632523715],[1586527629862,117.51103547912969]],"total_volumes":[[1586491595673,0.0],[1586495110293,875013368.5064338],[1586498698824,1257447627.2361236],[1586502327443,1467442579.3457527],[1586506002798,1649685378.775182],[1586511836628,1998968452.5285997],[1586513082204,2011028478.102504],[1586516725208,2326364929.593064],[1586520411512,2847178167.8227687],[1586523934390,3821671330.7422876],[1586527629862,4390952842.970603]]}